id,intent
1,AddToPlaylist
2,SearchCreativeWork
3,BookRestaurant
4,PlayMusic
5,PlayMusic
6,RateBook
7,SearchScreeningEvent
8,SearchScreeningEvent
9,BookRestaurant
10,BookRestaurant
11,PlayMusic
12,SearchScreeningEvent
13,AddToPlaylist
14,RateBook
15,SearchCreativeWork
16,BookRestaurant
17,BookRestaurant
18,SearchScreeningEvent
19,AddToPlaylist
20,SearchScreeningEvent
21,SearchScreeningEvent
22,PlayMusic
23,PlayMusic
24,SearchScreeningEvent
25,GetWeather
26,SearchCreativeWork
27,SearchScreeningEvent
28,SearchScreeningEvent
29,AddToPlaylist
30,BookRestaurant
31,PlayMusic
32,AddToPlaylist
33,BookRestaurant
34,BookRestaurant
35,SearchScreeningEvent
36,BookRestaurant
37,SearchScreeningEvent
38,RateBook
39,SearchScreeningEvent
40,GetWeather
41,SearchCreativeWork
42,AddToPlaylist
43,GetWeather
44,GetWeather
45,PlayMusic
46,BookRestaurant
47,SearchCreativeWork
48,SearchCreativeWork
49,SearchCreativeWork
50,SearchScreeningEvent
51,SearchScreeningEvent
52,BookRestaurant
53,SearchCreativeWork
54,AddToPlaylist
55,SearchScreeningEvent
56,RateBook
57,PlayMusic
58,RateBook
59,SearchCreativeWork
60,SearchCreativeWork
61,GetWeather
62,SearchScreeningEvent
63,SearchCreativeWork
64,BookRestaurant
65,BookRestaurant
66,AddToPlaylist
67,GetWeather
68,BookRestaurant
69,RateBook
70,RateBook
71,AddToPlaylist
72,RateBook
73,GetWeather
74,BookRestaurant
75,AddToPlaylist
76,GetWeather
77,PlayMusic
78,SearchScreeningEvent
79,BookRestaurant
80,PlayMusic
81,SearchScreeningEvent
82,SearchScreeningEvent
83,AddToPlaylist
84,PlayMusic
85,SearchCreativeWork
86,BookRestaurant
87,RateBook
88,PlayMusic
89,SearchCreativeWork
90,SearchScreeningEvent
91,SearchCreativeWork
92,AddToPlaylist
93,SearchScreeningEvent
94,RateBook
95,RateBook
96,GetWeather
97,BookRestaurant
98,PlayMusic
99,GetWeather
100,BookRestaurant
101,SearchCreativeWork
102,SearchScreeningEvent
103,GetWeather
104,SearchScreeningEvent
105,PlayMusic
106,PlayMusic
107,BookRestaurant
108,BookRestaurant
109,AddToPlaylist
110,GetWeather
111,GetWeather
112,GetWeather
113,PlayMusic
114,AddToPlaylist
115,SearchCreativeWork
116,AddToPlaylist
117,RateBook
118,SearchScreeningEvent
119,GetWeather
120,SearchScreeningEvent
121,BookRestaurant
122,GetWeather
123,AddToPlaylist
124,GetWeather
125,RateBook
126,SearchScreeningEvent
127,AddToPlaylist
128,PlayMusic
129,SearchScreeningEvent
130,SearchCreativeWork
131,SearchScreeningEvent
132,GetWeather
133,RateBook
134,GetWeather
135,SearchScreeningEvent
136,PlayMusic
137,SearchScreeningEvent
138,GetWeather
139,PlayMusic
140,SearchScreeningEvent
141,GetWeather
142,AddToPlaylist
143,BookRestaurant
144,GetWeather
145,BookRestaurant
146,SearchScreeningEvent
147,SearchCreativeWork
148,PlayMusic
149,RateBook
150,RateBook
151,BookRestaurant
152,SearchCreativeWork
153,GetWeather
154,BookRestaurant
155,BookRestaurant
156,SearchCreativeWork
157,RateBook
158,SearchCreativeWork
159,SearchCreativeWork
160,SearchCreativeWork
161,RateBook
162,BookRestaurant
163,SearchScreeningEvent
164,RateBook
165,PlayMusic
166,RateBook
167,GetWeather
168,PlayMusic
169,AddToPlaylist
170,GetWeather
171,GetWeather
172,RateBook
173,PlayMusic
174,RateBook
175,SearchScreeningEvent
176,GetWeather
177,BookRestaurant
178,SearchScreeningEvent
179,SearchScreeningEvent
180,SearchCreativeWork
181,PlayMusic
182,AddToPlaylist
183,PlayMusic
184,SearchScreeningEvent
185,AddToPlaylist
186,BookRestaurant
187,SearchScreeningEvent
188,GetWeather
189,SearchCreativeWork
190,AddToPlaylist
191,AddToPlaylist
192,PlayMusic
193,PlayMusic
194,SearchScreeningEvent
195,RateBook
196,SearchScreeningEvent
197,AddToPlaylist
198,SearchCreativeWork
199,BookRestaurant
200,PlayMusic
201,SearchCreativeWork
202,BookRestaurant
203,PlayMusic
204,SearchScreeningEvent
205,AddToPlaylist
206,AddToPlaylist
207,SearchCreativeWork
208,GetWeather
209,GetWeather
210,GetWeather
211,AddToPlaylist
212,SearchScreeningEvent
213,AddToPlaylist
214,AddToPlaylist
215,AddToPlaylist
216,SearchCreativeWork
217,SearchCreativeWork
218,AddToPlaylist
219,SearchScreeningEvent
220,GetWeather
221,SearchCreativeWork
222,RateBook
223,SearchCreativeWork
224,PlayMusic
225,PlayMusic
226,GetWeather
227,GetWeather
228,AddToPlaylist
229,PlayMusic
230,GetWeather
231,RateBook
232,SearchScreeningEvent
233,SearchCreativeWork
234,SearchCreativeWork
235,PlayMusic
236,AddToPlaylist
237,BookRestaurant
238,PlayMusic
239,RateBook
240,RateBook
241,RateBook
242,AddToPlaylist
243,BookRestaurant
244,RateBook
245,GetWeather
246,BookRestaurant
247,SearchCreativeWork
248,RateBook
249,SearchCreativeWork
250,RateBook
251,RateBook
252,GetWeather
253,GetWeather
254,AddToPlaylist
255,PlayMusic
256,GetWeather
257,SearchScreeningEvent
258,AddToPlaylist
259,PlayMusic
260,SearchScreeningEvent
261,GetWeather
262,GetWeather
263,GetWeather
264,AddToPlaylist
265,BookRestaurant
266,SearchCreativeWork
267,PlayMusic
268,AddToPlaylist
269,RateBook
270,GetWeather
271,GetWeather
272,RateBook
273,GetWeather
274,SearchCreativeWork
275,SearchCreativeWork
276,GetWeather
277,SearchScreeningEvent
278,GetWeather
279,SearchScreeningEvent
280,PlayMusic
281,GetWeather
282,GetWeather
283,GetWeather
284,BookRestaurant
285,PlayMusic
286,PlayMusic
287,SearchCreativeWork
288,GetWeather
289,RateBook
290,GetWeather
291,BookRestaurant
292,SearchScreeningEvent
293,SearchCreativeWork
294,RateBook
295,AddToPlaylist
296,SearchCreativeWork
297,AddToPlaylist
298,RateBook
299,SearchScreeningEvent
300,GetWeather
